article,category,href,image,title
none,政务,http://new.qq.com/omn/20180729/20180729A0VJTD.html,https://inews.gtimg.com/newsapp_ls/0/4589722838_870492/0,无人认领遗体之命运：有谁记得它来过？
none,政务,http://new.qq.com/omn/20180729/20180729A0PZU1.html,https://img1.gtimg.com/rcdimg/20180729/14/4466933866_273x145.jpg,长安街知事：喝万元洋酒的落马官员 500多万受贿款未予认定
none,政务,http://new.qq.com/omn/20180729/20180729A10VWT.html,https://img1.gtimg.com/rcdimg/20180729/17/2747544061_273x145.jpg,北大专硕无宿舍可住？北大回应了
none,政务,http://new.qq.com/omn/20180729/20180729A0Y352.html,https://inews.gtimg.com/newsapp_ls/0/4590283089_870492/0,期待！8月天宇将上演“天狗吃日”等四大天象
none,政务,http://new.qq.com/omn/20180729/20180729V0QES5.html,https://inews.gtimg.com/newsapp_ls/0/4589100265_870492/0,寒门女生707分考上北大 曾写下《感谢贫穷》三拒爱心资助
none,政务,http://new.qq.com/omn/20180729/20180729A1138I.html,https://inews.gtimg.com/newsapp_ls/0/4590859578_870492/0,黄淮江汉江南西南华南等地将有强对流天气
none,政务,http://new.qq.com/omn/20180729/20180729A0WXEF.html,https://img1.gtimg.com/rcdimg/20180729/17/1438196705_273x145.jpg,一线微观 | 救命的“大网兜”！
none,政务,http://new.qq.com/omn/20180729/20180729A0WEXL.html,https://img1.gtimg.com/rcdimg/20180729/16/3912166322_273x145.jpg,准备好！下周北京“烧烤模式”+“蒸笼模式”
none,政务,http://new.qq.com/omn/20180729/20180729A0K9XY.html,https://img1.gtimg.com/rcdimg/20180729/12/8045443066_273x145.jpg,浙江最大非法生产、运输制毒物品案：5人被提起公诉
none,政务,http://new.qq.com/omn/20180729/20180729A0UN6A.html,https://img1.gtimg.com/rcdimg/20180729/17/1626827428_273x145.jpg,深交所：造成重大社会影响的违法公司，出现一家退市一家
none,政务,http://new.qq.com/omn/20180729/20180729A0S61D.html,https://inews.gtimg.com/newsapp_ls/0/4588991978_197130/0,实用 | 家里网速慢？把这些东西挪开，瞬间就变快了！
none,政务,http://new.qq.com/omn/20180729/20180729A0RMP4.html,https://img1.gtimg.com/rcdimg/20180729/15/0358588419_273x145.jpg,存5000快速提现5500，投资网站有漏洞？
none,政务,http://new.qq.com/omn/20180729/20180729A0QVOU.html,https://img1.gtimg.com/rcdimg/20180729/14/1336856124_273x145.jpg,天津高考712分考生“高分法宝”：错题本、积累本、计划表
none,政务,http://new.qq.com/omn/20180729/20180729A0GCBE.html,https://inews.gtimg.com/newsapp_ls/0/4586612145_870492/0,中国科学家发明新催化剂，驯服甲烷可做火箭燃料
none,政务,http://new.qq.com/omn/20180729/20180729A0QFC8.html,https://img1.gtimg.com/rcdimg/20180729/14/3204547352_273x145.jpg,山东疾控：接种证不写厂家信息？真相在这里！
none,娱乐,http://new.qq.com/omn/20180729/20180729A0VB6T.html,https://img1.gtimg.com/rcdimg/20180729/16/1487167086_273x145.jpg,"《西虹市首富》破7亿，豆瓣逆袭《狄仁杰3》, 徐克江郎才尽？"
none,娱乐,http://new.qq.com/omn/20180729/20180729A0T4OL.html,https://img1.gtimg.com/rcdimg/20180729/15/1172210379_273x145.jpg,《延禧攻略》成了网红掉皮现场，这个宫女直播的时候不长这样
none,娱乐,http://new.qq.com/zt/template/?id=ENT2018072900795700,https://img1.gtimg.com/rcdimg/20180729/10/2306264917_273x145.jpg,风波之中，《西虹市首富》票房突破8亿，网友：好笑就够了
none,体育,http://new.qq.com/cmsn/20180728/20180728017396.html,https://inews.gtimg.com/newsapp_ls/0/4578013101_870492/0,男篮红队热身险胜塞尔维亚 王哲林13+8送隔人暴扣
none,体育,http://new.qq.com/cmsn/20180729/20180729017264.html,https://inews.gtimg.com/newsapp_ls/0/4591122943_870492/0,国安申花大战场外“加时赛”开撕 官方互怼李运秋于大宝参战
none,体育,http://new.qq.com/cmsn/20180729/20180729016866.html,https://inews.gtimg.com/newsapp_ls/0/4590828988_870492/0,刘诗雯4-3丁宁澳乒赛登顶 夺个人赛季单打第三冠
none,体育,http://new.qq.com/cmsn/20180729/20180729014394.html,https://img1.gtimg.com/rcdimg/20180729/15/5845583375_273x145.jpg,皮尔斯：詹姆斯17岁就很强 当时就知道他能超越我
none,体育,http://new.qq.com/cmsn/20180729/20180729017435.html,https://inews.gtimg.com/newsapp_ls/0/4591260247_870492/0,恒大vs斯威首发：塔利斯卡保利尼奥领衔 阿兰解禁未进名单
none,体育,http://new.qq.com/cmsn/20180729/20180729004299.html,https://inews.gtimg.com/newsapp_ls/0/4584967291_870492/0,拉塞尔NBA2K19能力值为83 他在下赛季将会爆发？
none,体育,http://new.qq.com/cmsn/20180729/20180729004628.html,https://inews.gtimg.com/newsapp_ls/0/4585032690_870492/0,小贝附体！曼联妖星圆月弯刀破门 红魔今夏最大收获是他
none,体育,http://new.qq.com/cmsn/20180729/20180729012767.html,https://img1.gtimg.com/rcdimg/20180729/12/7044666728_273x145.jpg,鹈鹕放走考神曾征求浓眉意见 美媒：戴维斯不愿与他合作
none,体育,http://new.qq.com/cmsn/20180729/20180729013862.html,https://img1.gtimg.com/rcdimg/20180729/14/3153889430_273x145.jpg,19:35播恒大vs力帆 10天首战 新王领衔6.6亿巴西帮
none,体育,http://new.qq.com/cmsn/20180729/20180729015310.html,https://inews.gtimg.com/newsapp_ls/0/4589499650_870492/0,李运秋回应国安指责：没想过废别人 你们继续骂开心就好
none,体育,http://new.qq.com/cmsn/20180729/20180729016476.html,https://img1.gtimg.com/rcdimg/20180729/17/6681987923_273x145.jpg,C罗今天抵达都灵 明天正式开启尤文图斯生涯
none,体育,http://new.qq.com/cmsn/20180729/20180729016121.html,https://inews.gtimg.com/newsapp_ls/0/4590101008_870492/0,申花官方diss韦世豪：语言攻击朱辰杰恶劣 不该被纵容
none,体育,http://new.qq.com/cmsn/20180729/20180729016540.html,https://inews.gtimg.com/newsapp_ls/0/4590521388_870492/0,于大宝晒受伤照回应申花：从哪里看出拖延时间？
none,体育,http://new.qq.com/cmsn/20180729/20180729017481.html,https://inews.gtimg.com/newsapp_ls/0/4591317676_870492/0,一细节看梅西在巴萨的地位 季前赛10号空置无人敢穿
none,体育,http://new.qq.com/cmsn/20180729/20180729015957.html,https://img1.gtimg.com/rcdimg/20180729/17/1913343791_273x145.jpg,西蒙尼辩解世界杯期间怒喷梅西：他是世界上最好的球员
none,体育,http://new.qq.com/cmsn/20180729/20180729013428.html,https://img1.gtimg.com/rcdimg/20180729/14/0937893364_273x145.jpg,流言点评：马努不好意思退役 火箭锋线防守是漏洞
none,军事,http://new.qq.com/omn/20180729/20180729A0P2JC.html,https://inews.gtimg.com/newsapp_ls/0/4588278741_870492/0,中国4艘海警船今天相继驶入钓鱼岛领海
none,军事,http://new.qq.com/omn/20180729/20180729A0NYW2.html,https://img1.gtimg.com/rcdimg/20180729/13/2002688473_273x145.jpg,反转！坦克大赛俄罗斯裁判组改判：中国队射击全中
none,军事,http://new.qq.com/omn/20180729/20180729A0NNN4.html,https://img1.gtimg.com/rcdimg/20180729/13/1504804508_273x145.jpg,美国海军陆战队9月进驻台北？话音刚落，美方光速否认
none,军事,http://new.qq.com/omn/20180729/20180729V0W3ZV.html,https://inews.gtimg.com/newsapp_ls/0/4589997040_870492/0,全程视频：刚刚，第33、34颗北斗导航卫星上天啦！
none,军事,http://new.qq.com/omn/20180729/20180729A0Q9UR.html,https://inews.gtimg.com/newsapp_ls/0/4588657968_197130/0,祝贺！我国成功发射第33、34颗北斗导航卫星
none,军事,http://new.qq.com/omn/20180729/20180729A0ZTSI.html,https://inews.gtimg.com/newsapp_ls/0/4590802951_870492/0,空客“微笑大白鲸”首飞：为生产网络带来“微笑”
none,军事,http://new.qq.com/omn/20180729/20180729A0QY9S.html,https://img1.gtimg.com/rcdimg/20180729/15/4078536820_273x145.jpg,台绿媒称美国海军陆战队将进驻台湾？美方一个小时后辟谣
none,国际,http://new.qq.com/zt/template/?id=TWF2018072901422400,https://inews.gtimg.com/newsapp_ls/0/4589680671_870492/0,马来西亚30日将发布MH370最终调查报告 揭开失踪之谜？
none,国际,http://new.qq.com/omn/20180729/20180729A0S58X.html,https://img1.gtimg.com/rcdimg/20180729/15/2353260219_273x145.jpg,美国新奥尔良市发生枪击事件 致3人死亡7人受伤
none,国际,http://new.qq.com/omn/20180729/20180729A0NFBY.html,https://img1.gtimg.com/rcdimg/20180729/13/2334410068_273x145.jpg,为了“一夜美欧同盟” 可知容克对特朗普下了多大苦心
none,国际,http://new.qq.com/omn/20180729/20180729A0LUZW.html,https://img1.gtimg.com/rcdimg/20180729/13/0972635757_273x145.jpg,“中国非常非常重要” ，美国杏仁种植者和出口商开始担忧贸易战
none,国际,http://new.qq.com/omn/20180729/20180729A0RXSW.html,https://inews.gtimg.com/newsapp_ls/0/4588923386_870492/0,日本遭台风侵袭致至少23人伤 共178次航班被取消
none,国际,http://new.qq.com/cmsn/20180729/WLD2018072901358800,https://inews.gtimg.com/newsapp_ls/0/4589654127_870492/0,国际猎奇丨小伙冲进便利店买啤酒 腋下所夹活物惊呆顾客
none,国际,http://new.qq.com/cmsn/20180729/WLD2018072901763100,https://img1.gtimg.com/rcdimg/20180729/19/0385096130_273x145.jpg,看趣闻 | 埃及一动物园疑“染驴子伪装斑马” 破绽百出还掉色
none,国际,http://new.qq.com/omn/20180729/20180729V0X50R.html,https://img1.gtimg.com/rcdimg/20180729/17/0824839155_273x145.jpg,阿富汗一学校遭袭数人死亡 安全人员与武装分子展开激战
none,国际,http://new.qq.com/omn/20180729/20180729A0PLK7.html,https://img1.gtimg.com/rcdimg/20180729/18/6727260473_273x145.jpg,医生告知女子怀了死胎需流产 8个月后她却生下健康女婴
none,科技,http://new.qq.com/omn/20180729/20180729A0Q2Q5.html,https://img1.gtimg.com/rcdimg/20180729/14/0513936585_273x145.jpg,康佳、长虹、海尔这些手机还活着吗？答案让人意外
none,科技,http://new.qq.com/omn/20180729/20180729V0WZ5X.html,https://inews.gtimg.com/newsapp_ls/0/4590116423_870492/0,湖北夜查网络卖淫团伙：女技师被蒙头带走 搜出大量情趣用品
none,科技,http://new.qq.com/omn/20180729/20180729A0TP4F.html,https://img1.gtimg.com/rcdimg/20180729/15/8880671074_273x145.jpg,一夜之间冒出来的低价无锁iPhone能买吗？看完马上明白
none,科技,http://new.qq.com/omn/20180729/20180729A0N4TS.html,https://img1.gtimg.com/rcdimg/20180729/13/0787596535_273x145.jpg,摩托罗拉将出新机 网友表示都快忘了该品牌了
none,科技,http://new.qq.com/omn/20180729/20180729A0RJ9W.html,https://inews.gtimg.com/newsapp_ls/0/4588919952_870492/0,这款手机发布30天线上几乎0销量，好好做电视不行吗？
none,科技,http://new.qq.com/omn/20180729/20180729A116HC.html,https://img1.gtimg.com/rcdimg/20180729/18/1480669650_273x145.jpg,Uber投资人致信250位创业者：市场或将崩溃
none,科技,http://new.qq.com/omn/20180728/20180728A0AZ67.html,https://img1.gtimg.com/rcdimg/20180728/09/5718007968_273x145.jpg,名声在外的汽车之家，为何难以吞下汽车金融市场？
none,科技,http://new.qq.com/cmsn/20180729/20180729013724.html,https://img1.gtimg.com/rcdimg/20180729/14/9808070717_273x145.jpg,宁德时代面临新挑战：外资“鲇鱼”重启电池战局
none,科技,http://new.qq.com/omn/20180729/20180729A0V64T.html,https://inews.gtimg.com/newsapp_ls/0/4590361298_870492/0,牙膏挤爆了 英特尔8核i9-9900K跑分曝光：性能大涨
none,科技,http://new.qq.com/omn/20180729/20180729A0PL7D.html,https://img1.gtimg.com/rcdimg/20180729/14/9855312050_273x145.jpg,抖音上如何打造爆款？抖音营销秘籍了解一下
none,科技,http://new.qq.com/omn/20180729/20180729A0T8B2.html,https://inews.gtimg.com/newsapp_ls/0/4589220659_870492/0,螺丝钉是门多大的生意？这家公司为此获1.1亿元A+轮融资
none,科技,http://new.qq.com/omn/20180729/20180729A0WS1D.html,https://inews.gtimg.com/newsapp_ls/0/4589967658_870492/0,抱紧细胞的大腿！MIT开发出世界上最小的机器人
none,科技,http://new.qq.com/omn/20180729/20180729A0TZED.html,https://img1.gtimg.com/rcdimg/20180729/15/2364936497_273x145.jpg,魅族黄章：魅族16毛利已经压到最低了 要更便宜就选X8
none,科技,http://new.qq.com/omn/20180729/20180729A0TQR1.html,https://img1.gtimg.com/rcdimg/20180729/15/0422467071_273x145.jpg,摩托罗拉下周召开发布会 5G模块登场
none,财经,http://new.qq.com/cmsn/20180729/20180729017068.html,https://inews.gtimg.com/newsapp_ls/0/4590967311_870492/0,公安机关对长生董事长高某芳等18名犯罪嫌疑人提请批准逮捕
none,财经,http://new.qq.com/cmsn/20180729/20180729015598.html,https://img1.gtimg.com/rcdimg/20180729/17/7716044443_273x145.jpg,合肥新上市住宅或将“限高”：建筑层数原则上不高于24层
none,财经,http://new.qq.com/omn/20180729/20180729A0WE19.html,https://inews.gtimg.com/newsapp_ls/0/4589883468_870492/0,河北警方查获一起偷排废水案：河北籍罐车却在山西境内排放
none,财经,http://new.qq.com/omn/20180729/20180729A0RJ4L.html,https://img1.gtimg.com/rcdimg/20180729/14/5188138488_273x145.jpg,14亿元天价赔偿！加多宝创下“王老吉”商标纠纷案记录
none,财经,http://new.qq.com/omn/20180729/20180729A0TQBW.html,https://inews.gtimg.com/newsapp_ls/0/4589666916_870492/0,警惕出国“淘金”骗局：出国50天被遣返 淘金梦变成“打黑工”
none,财经,http://new.qq.com/omn/20180729/20180729A0Q2Q5.html,https://img1.gtimg.com/rcdimg/20180729/14/0513936585_273x145.jpg,康佳、长虹、海尔这些手机还活着吗？答案让人意外
none,财经,http://new.qq.com/omn/20180729/20180729A0NFBY.html,https://img1.gtimg.com/rcdimg/20180729/13/2334410068_273x145.jpg,为了“一夜美欧同盟” 可知容克对特朗普下了多大苦心
none,财经,http://new.qq.com/cmsn/20180729/20180729013923.html,https://img1.gtimg.com/rcdimg/20180729/14/4458219909_273x145.jpg,深交所：严重侵害群众利益的重大违法公司，出现一家、退市一家
none,财经,http://new.qq.com/omn/20180729/20180729A0SYOM.html,https://img1.gtimg.com/rcdimg/20180729/15/9019537873_273x145.jpg,在美国，有多少钱算有钱
none,财经,http://new.qq.com/omn/20180729/20180729A0TZBU.html,https://img1.gtimg.com/rcdimg/20180729/15/0205442851_273x145.jpg,暑期主题公园火爆背后：70%陷亏损 门票限制了赚钱的想象力
none,财经,http://new.qq.com/omn/20180729/20180729A0N4TS.html,https://img1.gtimg.com/rcdimg/20180729/13/0787596535_273x145.jpg,摩托罗拉将出新机 网友表示都快忘了该品牌了
none,财经,http://new.qq.com/cmsn/20180729/20180729012484.html,https://inews.gtimg.com/newsapp_ls/0/4587599494_870492/0,航空公司开售“占座票”，坐飞机可一人多座了
none,财经,http://new.qq.com/cmsn/20180729/20180729017464.html,https://img1.gtimg.com/rcdimg/20180729/18/1139435681_273x145.jpg,海南国际仲裁院正式挂牌成立
none,财经,http://new.qq.com/omn/20180729/20180729A116HC.html,https://img1.gtimg.com/rcdimg/20180729/18/1480669650_273x145.jpg,Uber投资人致信250位创业者：市场或将崩溃
none,财经,http://new.qq.com/cmsn/20180729/20180729016699.html,https://img1.gtimg.com/rcdimg/20180729/17/2129471686_273x145.jpg,京蒙签署10项扶贫协作协议 金额超340亿元
none,财经,http://new.qq.com/omn/20180729/20180729A0XN0T.html,https://img1.gtimg.com/rcdimg/20180729/17/2117950795_273x145.jpg,国泰君安启动成立500亿母基金 聚焦五大重点产业
none,汽车,http://new.qq.com/omn/20180729/20180729A0QCVJ.html,https://img1.gtimg.com/rcdimg/20180729/14/6523674209_273x145.jpg,广汽新能源新车规划 每年至少两款新车
none,汽车,http://new.qq.com/omn/20180729/20180729A0OW6N.html,https://img1.gtimg.com/rcdimg/20180729/15/2741665808_273x145.jpg,西装暴徒也玩混动？奥迪RS6-E竟拥有1000匹动力！
none,汽车,http://new.qq.com/omn/20180729/20180729A0P40Y.html,https://inews.gtimg.com/newsapp_ls/0/4589627059_197130/0,夜晚偶遇2辆同款劳斯莱斯，看到车牌那一刻，没想到价值差40倍
none,旅行,http://new.qq.com/omn/20180729/20180729A10BSI.html,https://img1.gtimg.com/rcdimg/20180729/17/5060232050_273x145.jpg,“众神之国”尼泊尔：为啥神仙都偏爱这等“穷乡僻壤”？
none,旅行,http://new.qq.com/omn/20180729/20180729A10MDZ.html,https://inews.gtimg.com/newsapp_ls/0/4590696924_870492/0,公园储物间设监控，女游客换衣时被拍下，园方回复让网友们炸了
none,旅行,http://new.qq.com/omn/20180729/20180729V0WJYQ.html,https://img1.gtimg.com/rcdimg/20180729/17/1191803374_273x145.jpg,四万游客蜂拥青海茶卡盐湖 鞋套扔遍走廊
none,旅行,http://new.qq.com/omn/20180729/20180729A0RXSW.html,https://inews.gtimg.com/newsapp_ls/0/4588923386_870492/0,日本遭台风侵袭致至少23人伤 共178次航班被取消
none,旅行,http://new.qq.com/omn/20180729/20180729A0T6YH.html,https://inews.gtimg.com/newsapp_ls/0/4590110875_197130/0,地球上最奇怪的石头，一接触到水就会长大，能从几克长到几吨
none,旅行,http://new.qq.com/omn/20180729/20180729A0Y352.html,https://inews.gtimg.com/newsapp_ls/0/4590283089_870492/0,期待！8月天宇将上演“天狗吃日”等四大天象
none,旅行,http://new.qq.com/omn/20180729/20180729A0UJ0B.html,https://inews.gtimg.com/newsapp_ls/0/4589575745_870492/0,湖北英山一滑道发生挤压事故 造成22人骨折
none,旅行,http://new.qq.com/omn/20180729/20180729A0VKV3.html,https://inews.gtimg.com/newsapp_ls/0/4589710824_197130/0,非洲湖边的宁静村庄物价挺高，一块鸡翅15元，却从不缺少游客
